-- MySQL Script generated by MySQL Workbench
-- Wed Oct  6 22:12:05 2021
-- Model: New Model    Version: 1.0
-- MySQL Workbench Forward Engineering

SET @OLD_UNIQUE_CHECKS=@@UNIQUE_CHECKS, UNIQUE_CHECKS=0;
SET @OLD_FOREIGN_KEY_CHECKS=@@FOREIGN_KEY_CHECKS, FOREIGN_KEY_CHECKS=0;
SET @OLD_SQL_MODE=@@SQL_MODE, SQL_MODE='ONLY_FULL_GROUP_BY,STRICT_TRANS_TABLES,NO_ZERO_IN_DATE,NO_ZERO_DATE,ERROR_FOR_DIVISION_BY_ZERO,NO_ENGINE_SUBSTITUTION';

-- -----------------------------------------------------
-- Schema raw19a
-- -----------------------------------------------------
DROP SCHEMA IF EXISTS `raw19a` ;

-- -----------------------------------------------------
-- Schema raw19a
-- -----------------------------------------------------
CREATE SCHEMA IF NOT EXISTS `raw19a` DEFAULT CHARACTER SET utf8 COLLATE utf8_unicode_ci ;
SHOW WARNINGS;
USE `raw19a` ;

-- -----------------------------------------------------
-- Table `raw19a`.`petstore`
-- -----------------------------------------------------
DROP TABLE IF EXISTS `raw19a`.`petstore` ;

SHOW WARNINGS;
CREATE TABLE IF NOT EXISTS `raw19a`.`petstore` (
  `pst_id` SMALLINT UNSIGNED NOT NULL AUTO_INCREMENT,
  `pst_name` VARCHAR(30) NOT NULL,
  `pst_street` VARCHAR(30) NOT NULL,
  `pst_city` VARCHAR(30) NOT NULL,
  `pst_state` CHAR(2) NOT NULL,
  `pst_zip` VARCHAR(10) NOT NULL,
  `pst_phone` BIGINT UNSIGNED NOT NULL,
  `pst_email` VARCHAR(100) NOT NULL,
  `pst_url` VARCHAR(100) NOT NULL,
  `pst_ytd_sales` DECIMAL(10,2) NOT NULL,
  `pst_notes` VARCHAR(255) NULL,
  PRIMARY KEY (`pst_id`))
ENGINE = InnoDB;

SHOW WARNINGS;

-- -----------------------------------------------------
-- Table `raw19a`.`customer`
-- -----------------------------------------------------
DROP TABLE IF EXISTS `raw19a`.`customer` ;

SHOW WARNINGS;
CREATE TABLE IF NOT EXISTS `raw19a`.`customer` (
  `cus_id` SMALLINT UNSIGNED NOT NULL AUTO_INCREMENT,
  `cus_fname` VARCHAR(15) NOT NULL,
  `cus_lname` VARCHAR(30) NOT NULL,
  `cus_street` VARCHAR(30) NOT NULL,
  `cus_city` VARCHAR(30) NOT NULL,
  `cus_state` CHAR(2) NOT NULL,
  `cus_zip` VARCHAR(10) NOT NULL,
  `cus_phone` BIGINT UNSIGNED NOT NULL,
  `cus_email` VARCHAR(100) NOT NULL,
  `cus_balance` DECIMAL(8,2) UNSIGNED NOT NULL,
  `cus_total_sales` DECIMAL(8,2) UNSIGNED NOT NULL,
  `cus_notes` VARCHAR(255) NULL,
  PRIMARY KEY (`cus_id`))
ENGINE = InnoDB;

SHOW WARNINGS;

-- -----------------------------------------------------
-- Table `raw19a`.`pet`
-- -----------------------------------------------------
DROP TABLE IF EXISTS `raw19a`.`pet` ;

SHOW WARNINGS;
CREATE TABLE IF NOT EXISTS `raw19a`.`pet` (
  `pet_id` SMALLINT UNSIGNED NOT NULL AUTO_INCREMENT,
  `pst_id` SMALLINT UNSIGNED NOT NULL,
  `cus_id` SMALLINT UNSIGNED NULL,
  `pet_type` VARCHAR(45) NOT NULL,
  `pet_sex` ENUM('m', 'f') NOT NULL,
  `pet_cost` DECIMAL(6,2) NOT NULL,
  `pet_price` DECIMAL(6,2) NOT NULL,
  `pet_age` TINYINT NOT NULL,
  `pet_color` VARCHAR(30) NOT NULL,
  `pet_sale_date` DATE NULL,
  `pet_vaccine` ENUM('y', 'n') NOT NULL,
  `pet_neuter` ENUM('y', 'n') NOT NULL,
  `pet_notes` VARCHAR(255) NULL,
  PRIMARY KEY (`pet_id`),
  INDEX `fk_pet_customer_idx` (`cus_id` ASC),
  INDEX `fk_pet_petstore1_idx` (`pst_id` ASC),
  CONSTRAINT `fk_pet_customer`
    FOREIGN KEY (`cus_id`)
    REFERENCES `raw19a`.`customer` (`cus_id`)
    ON DELETE CASCADE
    ON UPDATE CASCADE,
  CONSTRAINT `fk_pet_petstore1`
    FOREIGN KEY (`pst_id`)
    REFERENCES `raw19a`.`petstore` (`pst_id`)
    ON DELETE CASCADE
    ON UPDATE CASCADE)
ENGINE = InnoDB;

SHOW WARNINGS;

SET SQL_MODE=@OLD_SQL_MODE;
SET FOREIGN_KEY_CHECKS=@OLD_FOREIGN_KEY_CHECKS;
SET UNIQUE_CHECKS=@OLD_UNIQUE_CHECKS;

-- -----------------------------------------------------
-- Data for table `raw19a`.`petstore`
-- -----------------------------------------------------
START TRANSACTION;
USE `raw19a`;
INSERT INTO `raw19a`.`petstore` (`pst_id`, `pst_name`, `pst_street`, `pst_city`, `pst_state`, `pst_zip`, `pst_phone`, `pst_email`, `pst_url`, `pst_ytd_sales`, `pst_notes`) VALUES (1, 'Claws and Paws', '123 Main St.', 'L.A.', 'CA', '891195341', 8185551234, 'clawspaws@aol.com', 'http://www.clawspaws.com', 50000, 'notes1');
INSERT INTO `raw19a`.`petstore` (`pst_id`, `pst_name`, `pst_street`, `pst_city`, `pst_state`, `pst_zip`, `pst_phone`, `pst_email`, `pst_url`, `pst_ytd_sales`, `pst_notes`) VALUES (2, 'Furry Friends', '1435 Chase Dr.', 'Chicago ', 'IL', '618959231', 8471234567, 'furryfriends@hotmail.com', 'http://www.furryfriends.com', 65000, 'notes2');
INSERT INTO `raw19a`.`petstore` (`pst_id`, `pst_name`, `pst_street`, `pst_city`, `pst_state`, `pst_zip`, `pst_phone`, `pst_email`, `pst_url`, `pst_ytd_sales`, `pst_notes`) VALUES (3, 'Pet Partners', '811 4th St.', 'NY', 'NY', '981256728', 2129876543, 'petpartners@yahoo.com', 'http://www.petpartners.com', 87000, 'notes3');
INSERT INTO `raw19a`.`petstore` (`pst_id`, `pst_name`, `pst_street`, `pst_city`, `pst_state`, `pst_zip`, `pst_phone`, `pst_email`, `pst_url`, `pst_ytd_sales`, `pst_notes`) VALUES (4, 'Pet Palace', '18903 Tennessee St.', 'Tallahassee', 'FL', '367951356', 8504445123, 'petpalace@gmail.com', 'http://www.petpalace.com', 34000, 'notes4');
INSERT INTO `raw19a`.`petstore` (`pst_id`, `pst_name`, `pst_street`, `pst_city`, `pst_state`, `pst_zip`, `pst_phone`, `pst_email`, `pst_url`, `pst_ytd_sales`, `pst_notes`) VALUES (5, 'Purrs and Grrs', '751 Lois Lane', 'Phoenix ', 'AZ', '852122156', 4809130015, 'pursandgrrs@msn.com', 'http://www.purrsandgrrs.com', 97500, 'notes5');
INSERT INTO `raw19a`.`petstore` (`pst_id`, `pst_name`, `pst_street`, `pst_city`, `pst_state`, `pst_zip`, `pst_phone`, `pst_email`, `pst_url`, `pst_ytd_sales`, `pst_notes`) VALUES (6, 'Cats and Rats', ' 5550 Landslide Rd.', 'Lakeland ', 'FL', '551234656', 8639441539, 'catsandrats@gmail.com', 'http://www.catsnotrats', 45000, 'notes6');
INSERT INTO `raw19a`.`petstore` (`pst_id`, `pst_name`, `pst_street`, `pst_city`, `pst_state`, `pst_zip`, `pst_phone`, `pst_email`, `pst_url`, `pst_ytd_sales`, `pst_notes`) VALUES (7, 'Paw Patrol', '911 Fire St.', 'Bradenton ', 'FL', '119889776', 9412725765, 'pawpatrol@gmail.com', 'http://www.pawpatrol.com', 80000, 'notes7');
INSERT INTO `raw19a`.`petstore` (`pst_id`, `pst_name`, `pst_street`, `pst_city`, `pst_state`, `pst_zip`, `pst_phone`, `pst_email`, `pst_url`, `pst_ytd_sales`, `pst_notes`) VALUES (8, 'Warrior Friends', '1365 Warrior Way', 'Tallahassee ', 'FL', '111476134', 850321567, 'warriorfriends@yahoo.com', 'http://www.warriorcats.com', 36500, 'notes8');
INSERT INTO `raw19a`.`petstore` (`pst_id`, `pst_name`, `pst_street`, `pst_city`, `pst_state`, `pst_zip`, `pst_phone`, `pst_email`, `pst_url`, `pst_ytd_sales`, `pst_notes`) VALUES (9, 'Purr Fur', '1975 Gaines St.', 'Gainseville ', 'FL', '475689132', 8139870565, 'purrfur@aol.com', 'http://www.purrfur.com', 42500, 'notes9');
INSERT INTO `raw19a`.`petstore` (`pst_id`, `pst_name`, `pst_street`, `pst_city`, `pst_state`, `pst_zip`, `pst_phone`, `pst_email`, `pst_url`, `pst_ytd_sales`, `pst_notes`) VALUES (10, 'Catmart', '5657 Sunnyside Rd.', 'Oxford', 'WI', '658215249', 9018765401, 'catmart@gmail.com', 'http://www.catmart.com', 95000, 'notes10');

COMMIT;


-- -----------------------------------------------------
-- Data for table `raw19a`.`customer`
-- -----------------------------------------------------
START TRANSACTION;
USE `raw19a`;
INSERT INTO `raw19a`.`customer` (`cus_id`, `cus_fname`, `cus_lname`, `cus_street`, `cus_city`, `cus_state`, `cus_zip`, `cus_phone`, `cus_email`, `cus_balance`, `cus_total_sales`, `cus_notes`) VALUES (1, 'Gary', 'Rogers', '607 Heritage St.', 'Wilmette', 'WI', '600914132', 600914132, 'rogergary@gmail.com', 2000, 1800, 'notes1');
INSERT INTO `raw19a`.`customer` (`cus_id`, `cus_fname`, `cus_lname`, `cus_street`, `cus_city`, `cus_state`, `cus_zip`, `cus_phone`, `cus_email`, `cus_balance`, `cus_total_sales`, `cus_notes`) VALUES (2, 'Todd', 'Rod', '291 Hall Street', 'Fernandina Beach ', 'FL', '992243312', 9159438972, 'toddrod@yahoo.com', 500, 495, 'notes2');
INSERT INTO `raw19a`.`customer` (`cus_id`, `cus_fname`, `cus_lname`, `cus_street`, `cus_city`, `cus_state`, `cus_zip`, `cus_phone`, `cus_email`, `cus_balance`, `cus_total_sales`, `cus_notes`) VALUES (3, 'Jessica', 'Blender', '8049 Clay Street', 'Holyoke', 'MA', '58499921', 608731515, 'jessblender@gmail.com', 300, 275, 'notes3');
INSERT INTO `raw19a`.`customer` (`cus_id`, `cus_fname`, `cus_lname`, `cus_street`, `cus_city`, `cus_state`, `cus_zip`, `cus_phone`, `cus_email`, `cus_balance`, `cus_total_sales`, `cus_notes`) VALUES (4, 'Sara', 'Filips', '456 Manatee Ave.', 'Bradenton ', 'FL', '33234287', 9419987741, 'sarafilips@gmail.com', 50, 32, 'notes4');
INSERT INTO `raw19a`.`customer` (`cus_id`, `cus_fname`, `cus_lname`, `cus_street`, `cus_city`, `cus_state`, `cus_zip`, `cus_phone`, `cus_email`, `cus_balance`, `cus_total_sales`, `cus_notes`) VALUES (5, 'Barry', 'Bail', '122 Argyle Street', 'Lapeer', 'MI', '65934587', 5817259547, 'barrybail@gmail.com', 1000, 910, 'notes5');
INSERT INTO `raw19a`.`customer` (`cus_id`, `cus_fname`, `cus_lname`, `cus_street`, `cus_city`, `cus_state`, `cus_zip`, `cus_phone`, `cus_email`, `cus_balance`, `cus_total_sales`, `cus_notes`) VALUES (6, 'Terry', 'Smith', '991 Hartford Ave.', 'Danbury', 'CT', '29435774', 1158905976, 'terrysmith@yahoo.com', 180, 165, 'notes6');
INSERT INTO `raw19a`.`customer` (`cus_id`, `cus_fname`, `cus_lname`, `cus_street`, `cus_city`, `cus_state`, `cus_zip`, `cus_phone`, `cus_email`, `cus_balance`, `cus_total_sales`, `cus_notes`) VALUES (7, 'Jerry', 'Fair', '7142 Foster Ave.', 'Hialeah', 'FL', '348934472', 8135599442, 'fairyjerry@yahoo.com', 150, 145, 'notes7');
INSERT INTO `raw19a`.`customer` (`cus_id`, `cus_fname`, `cus_lname`, `cus_street`, `cus_city`, `cus_state`, `cus_zip`, `cus_phone`, `cus_email`, `cus_balance`, `cus_total_sales`, `cus_notes`) VALUES (8, 'Mary', 'Nander', '986 Penn Lane', 'Orlando', 'FL', '338942552', 8634495225, 'marynanders@gmail.com', 775, 735, 'notes8');
INSERT INTO `raw19a`.`customer` (`cus_id`, `cus_fname`, `cus_lname`, `cus_street`, `cus_city`, `cus_state`, `cus_zip`, `cus_phone`, `cus_email`, `cus_balance`, `cus_total_sales`, `cus_notes`) VALUES (9, 'Oliver', 'Jolly', '9937 Thatcher Dr.', 'Tallahassee', 'FL', '323045789', 8507654919, 'jollyolly@gmail.com', 2500, 2495, 'notes9');
INSERT INTO `raw19a`.`customer` (`cus_id`, `cus_fname`, `cus_lname`, `cus_street`, `cus_city`, `cus_state`, `cus_zip`, `cus_phone`, `cus_email`, `cus_balance`, `cus_total_sales`, `cus_notes`) VALUES (10, 'Randal', 'Vandal', '7960 Hudson Ave.', 'Waterbury', 'CT', '876234521', 2994569877, 'randalthevandal@gmail.com', 300, 0, 'notes10');

COMMIT;


-- -----------------------------------------------------
-- Data for table `raw19a`.`pet`
-- -----------------------------------------------------
START TRANSACTION;
USE `raw19a`;
INSERT INTO `raw19a`.`pet` (`pet_id`, `pst_id`, `cus_id`, `pet_type`, `pet_sex`, `pet_cost`, `pet_price`, `pet_age`, `pet_color`, `pet_sale_date`, `pet_vaccine`, `pet_neuter`, `pet_notes`) VALUES (1, 2, 5, 'Doberman', 'm', 350, 525, 38, 'black/tan', '2009-07-05', 'y', 'y', 'notes 1');
INSERT INTO `raw19a`.`pet` (`pet_id`, `pst_id`, `cus_id`, `pet_type`, `pet_sex`, `pet_cost`, `pet_price`, `pet_age`, `pet_color`, `pet_sale_date`, `pet_vaccine`, `pet_neuter`, `pet_notes`) VALUES (5, 4, NULL, 'Chiwawa', 'f', 175, 165, 14, 'white/brown', '2000-05-15', 'n', 'n', 'notes2');
INSERT INTO `raw19a`.`pet` (`pet_id`, `pst_id`, `cus_id`, `pet_type`, `pet_sex`, `pet_cost`, `pet_price`, `pet_age`, `pet_color`, `pet_sale_date`, `pet_vaccine`, `pet_neuter`, `pet_notes`) VALUES (4, 5, 5, 'American Bobtail', 'm', 195, 385, 6, 'black', '2011-12-24', 'y', 'y', 'notes3');
INSERT INTO `raw19a`.`pet` (`pet_id`, `pst_id`, `cus_id`, `pet_type`, `pet_sex`, `pet_cost`, `pet_price`, `pet_age`, `pet_color`, `pet_sale_date`, `pet_vaccine`, `pet_neuter`, `pet_notes`) VALUES (3, 3, 8, 'American Longhair', 'm', 165, 275, 4, 'white', '2005-08-01', 'n', 'y', 'notes4');
INSERT INTO `raw19a`.`pet` (`pet_id`, `pst_id`, `cus_id`, `pet_type`, `pet_sex`, `pet_cost`, `pet_price`, `pet_age`, `pet_color`, `pet_sale_date`, `pet_vaccine`, `pet_neuter`, `pet_notes`) VALUES (7, 10, NULL, 'British Shorthair', 'f', 155, 145, 28, 'grey', '2001-05-01', 'y', 'n', 'notes5');
INSERT INTO `raw19a`.`pet` (`pet_id`, `pst_id`, `cus_id`, `pet_type`, `pet_sex`, `pet_cost`, `pet_price`, `pet_age`, `pet_color`, `pet_sale_date`, `pet_vaccine`, `pet_neuter`, `pet_notes`) VALUES (6, 1, 4, 'Rose-Ringed Parakeet', 'f', 18, 32, 2, 'green/yellow', '2010-11-12', 'n', 'n', 'notes6');
INSERT INTO `raw19a`.`pet` (`pet_id`, `pst_id`, `cus_id`, `pet_type`, `pet_sex`, `pet_cost`, `pet_price`, `pet_age`, `pet_color`, `pet_sale_date`, `pet_vaccine`, `pet_neuter`, `pet_notes`) VALUES (2, 1, 1, 'African Grey Parrot', 'm', 1295, 1800, 98, 'grey/blue', '2007-09-19', 'n', 'n', 'notes7');
INSERT INTO `raw19a`.`pet` (`pet_id`, `pst_id`, `cus_id`, `pet_type`, `pet_sex`, `pet_cost`, `pet_price`, `pet_age`, `pet_color`, `pet_sale_date`, `pet_vaccine`, `pet_neuter`, `pet_notes`) VALUES (8, 2, 2, 'Pitbull', 'm', 300, 495, 8, 'black/white', '2001-05-27', 'n', 'y', 'notes8');
INSERT INTO `raw19a`.`pet` (`pet_id`, `pst_id`, `cus_id`, `pet_type`, `pet_sex`, `pet_cost`, `pet_price`, `pet_age`, `pet_color`, `pet_sale_date`, `pet_vaccine`, `pet_neuter`, `pet_notes`) VALUES (9, 8, 2, 'Boa Constrictor', 'f', 450, 735, 80, 'grey/green', '2006-10-31', 'n', 'n', 'notes9');
INSERT INTO `raw19a`.`pet` (`pet_id`, `pst_id`, `cus_id`, `pet_type`, `pet_sex`, `pet_cost`, `pet_price`, `pet_age`, `pet_color`, `pet_sale_date`, `pet_vaccine`, `pet_neuter`, `pet_notes`) VALUES (10, 9, NULL, 'Giraffe', 'f', 1735, 2495, 12, 'yellow and brown spots', '2009-10-10', 'n', 'n', 'notes10');

COMMIT;

